num:uniprotac:res:nat:mut:pdbcode:chain:resnum:mutation:structuretype:resolution:rfactor,Binding,SProtFT0,SProtFT1,SProtFT2,SProtFT3,SProtFT4,SProtFT5,SProtFT6,SProtFT7,SProtFT8,SProtFT9,SProtFT10,SProtFT11,SProtFT12,Interface,Relaccess,Impact,HBonds,SPhobic,CPhim,BCharge,SSGeom,Voids,MLargest1,MLargest2,MLargest3,MLargest4,MLargest5,MLargest6,MLargest7,MLargest8,MLargest9,MLargest10,NLargest1,NLargest2,NLargest3,NLargest4,NLargest5,NLargest6,MLargest7,MLargest8,NLargest9,NLargest10,Clash,Glycine,Proline,CisPro,dataset
1:P12883:214:G:D:4db1:A:214:D:crystal:2.60A:21.20%,0,0,0,0,0,0,0,0,0,0,0,0,0,0,-5.86999999999999,74.879,0.574265834983066,20,0,0.88,1,0,0,391.098,338.983,330.793,312.863,227.105,204.39,200.459,167.905,153.97,138.447,391.098,338.983,330.793,312.863,227.105,204.39,200.459,167.905,153.97,138.447,22.53,-2.5073,-100,0,
2:P12883:214:G:D:4db1:B:214:D:crystal:2.60A:21.20%,0,0,0,0,0,0,0,0,0,0,0,0,0,0,-6.473,76.181,0.574265834983066,20,0,0.88,1,0,0,737.467,284.807,271.089,261.862,258.205,223.051,209.876,202.251,188.198,171.865,737.467,284.807,271.089,261.862,258.205,223.051,209.876,202.251,188.198,171.865,2.33,-2.5789,-100,0,
3:P12883:214:G:D:4pa0:B:214:D:crystal:2.25A:20.30%,0,0,0,0,0,0,0,0,0,0,0,0,0,0,0,61.803,0.574265834983066,20,0,0.88,1,0,0,495.316,250.645,190.68,167.761,163.751,151.041,144.767,135.919,132.308,124.602,495.316,250.645,190.68,167.761,163.751,151.041,144.767,135.919,132.308,124.602,103.18,-3.8374,-100,0,
4:P12883:214:G:D:5tby:A:214:D:ElectronMicroscopy:20.00A:0.00%,0,0,0,0,0,0,0,0,0,0,0,0,0,0,0,26.460,0.574265834983066,20,0,0.88,1,0,0,656.46,614.732,332.312,303.007,189.475,155.964,128.932,119.052,86.483,84.523,656.46,614.732,332.312,303.007,189.475,155.964,128.932,119.052,86.483,84.523,-7.69,0.8646,-100,0,
5:P12883:214:G:D:5tby:B:214:D:ElectronMicroscopy:20.00A:0.00%,0,0,0,0,0,0,0,0,0,0,0,0,0,0,0,18.514,0.574265834983066,20,0,0.88,1,0,0,1194.99,424.288,397.415,290.83,267.986,262.411,218.258,215.334,211.317,205.282,1194.99,424.288,397.415,290.83,267.986,262.411,218.258,215.334,211.317,205.282,-13.16,2.2025,-100,0,
