num:uniprotac:res:nat:mut:pdbcode:chain:resnum:mutation:structuretype:resolution:rfactor,Binding,SProtFT0,SProtFT1,SProtFT2,SProtFT3,SProtFT4,SProtFT5,SProtFT6,SProtFT7,SProtFT8,SProtFT9,SProtFT10,SProtFT11,SProtFT12,Interface,Relaccess,Impact,HBonds,SPhobic,CPhim,BCharge,SSGeom,Voids,MLargest1,MLargest2,MLargest3,MLargest4,MLargest5,MLargest6,MLargest7,MLargest8,MLargest9,MLargest10,NLargest1,NLargest2,NLargest3,NLargest4,NLargest5,NLargest6,MLargest7,MLargest8,NLargest9,NLargest10,Clash,Glycine,Proline,CisPro,dataset
1:P12883:404:V:M:4p7h:A:411:M:crystal:3.20A:22.90%,0,0,0,0,0,0,0,0,0,0,0,0,0,0,0,99.734,0.651672046804327,20,0,0.28,0,0,-69.274,778.898,610.918,531.179,449.755,261.062,246.871,191.437,181.428,180.067,165.782,709.624,671.578,564.914,419.844,328.913,303.341,194.964,192.61,185.963,185.305,-0.71,-100,-100,0,
2:P12883:404:V:M:4p7h:B:411:M:crystal:3.20A:22.90%,0,0,0,0,0,0,0,0,0,0,0,0,0,0,0,94.810,0.651672046804327,20,0,0.28,0,0,0,613.145,377.405,352.632,229.701,224.453,222.702,206.969,186.615,185.598,165.595,613.145,377.405,352.632,229.701,224.453,222.702,206.969,186.615,185.598,165.595,-0.83,-100,-100,0,
3:P12883:404:V:M:4pa0:A:404:M:crystal:2.25A:20.30%,0,0,0,0,0,0,0,0,0,0,0,0,0,0,0,67.118,0.651672046804327,20,0,0.28,0,0,0,402.271,355.907,349.151,306.528,264.459,255.601,215.18,190.779,151.526,147.958,402.271,355.907,349.151,306.528,264.459,255.601,215.18,190.779,151.526,147.958,-2.63,-100,-100,0,
4:P12883:404:V:M:4pa0:B:404:M:crystal:2.25A:20.30%,0,0,0,0,0,0,0,0,0,0,0,0,0,0,0,102.470,0.651672046804327,20,0,0.28,0,0,0,495.316,250.645,190.68,167.761,163.751,151.041,144.767,135.919,132.308,124.602,495.316,250.645,190.68,167.761,163.751,151.041,144.767,135.919,132.308,124.602,-0.95,-100,-100,0,
5:P12883:404:V:M:5tby:A:404:M:ElectronMicroscopy:20.00A:0.00%,0,0,0,0,0,0,0,0,0,0,0,0,0,0,0,22.370,0.651672046804327,20,0,0.28,0,0,0,656.46,614.732,332.312,303.007,189.475,155.964,128.932,119.052,86.483,84.523,656.46,614.732,332.312,303.007,189.475,155.964,128.932,119.052,86.483,84.523,-5.20,-100,-100,0,
6:P12883:404:V:M:5tby:B:404:M:ElectronMicroscopy:20.00A:0.00%,0,0,0,0,0,0,0,0,0,0,0,0,0,0,0,33.724,0.651672046804327,20,0,0.28,0,0,0,1194.99,424.288,397.415,290.83,267.986,262.411,218.258,215.334,211.317,205.282,1194.99,424.288,397.415,290.83,267.986,262.411,218.258,215.334,211.317,205.282,-5.21,-100,-100,0,
