num:uniprotac:res:nat:mut:pdbcode:chain:resnum:mutation:structuretype:resolution:rfactor,Binding,SProtFT0,SProtFT1,SProtFT2,SProtFT3,SProtFT4,SProtFT5,SProtFT6,SProtFT7,SProtFT8,SProtFT9,SProtFT10,SProtFT11,SProtFT12,Interface,Relaccess,Impact,HBonds,SPhobic,CPhim,BCharge,SSGeom,Voids,MLargest1,MLargest2,MLargest3,MLargest4,MLargest5,MLargest6,MLargest7,MLargest8,MLargest9,MLargest10,NLargest1,NLargest2,NLargest3,NLargest4,NLargest5,NLargest6,MLargest7,MLargest8,NLargest9,NLargest10,Clash,Glycine,Proline,CisPro,dataset
1:P12883:793:R:Q:4p7h:A:793:Q:crystal:3.20A:22.90%,0,0,0,0,0,0,0,0,0,0,0,0,0,0,0,66.218,0.612968940893696,20,0,0.07,-1,0,0,709.624,671.578,564.914,419.844,328.913,303.341,194.964,192.61,185.963,185.305,709.624,671.578,564.914,419.844,328.913,303.341,194.964,192.61,185.963,185.305,-3.85,-100,-100,0,
2:P12883:793:R:Q:4p7h:B:793:Q:crystal:3.20A:22.90%,0,0,0,0,0,0,0,0,0,0,0,0,0,0,0,66.415,0.612968940893696,20,0,0.07,-1,0,0,613.145,377.405,352.632,229.701,224.453,222.702,206.969,186.615,185.598,165.595,613.145,377.405,352.632,229.701,224.453,222.702,206.969,186.615,185.598,165.595,-3.66,-100,-100,0,
3:P12883:793:R:Q:4pa0:A:793:Q:crystal:2.25A:20.30%,0,0,0,0,0,0,0,0,0,0,0,0,0,0,0,48.917,0.612968940893696,20,0,0.07,-1,0,0,402.271,355.907,349.151,306.528,264.459,255.601,215.18,190.779,151.526,147.958,402.271,355.907,349.151,306.528,264.459,255.601,215.18,190.779,151.526,147.958,-5.12,-100,-100,0,
4:P12883:793:R:Q:4pa0:B:804:Q:crystal:2.25A:20.30%,0,0,0,0,0,0,0,0,0,0,0,0,0,0,0,45.441,0.612968940893696,20,0,0.07,-1,0,0,495.316,250.645,190.68,167.761,163.751,151.041,144.767,135.919,132.308,124.602,495.316,250.645,190.68,167.761,163.751,151.041,144.767,135.919,132.308,124.602,-4.49,-100,-100,0,
5:P12883:793:R:Q:5tby:A:793:Q:ElectronMicroscopy:20.00A:0.00%,1,0,0,0,0,0,0,0,0,0,0,0,0,0,-54.815,14.729,0.612968940893696,10.86,-1.11,0,1,0,0,656.46,614.732,332.312,303.007,189.475,155.964,128.932,119.052,86.483,84.523,656.46,614.732,332.312,303.007,189.475,155.964,128.932,119.052,86.483,84.523,-3.96,-100,-100,0,
6:P12883:793:R:Q:5tby:B:793:Q:ElectronMicroscopy:20.00A:0.00%,1,0,0,0,0,0,0,0,0,0,0,0,0,0,-51.609,22.946,0.612968940893696,10.77,-1.11,0,1,0,0,1194.99,424.288,397.415,290.83,267.986,262.411,218.258,215.334,211.317,205.282,1194.99,424.288,397.415,290.83,267.986,262.411,218.258,215.334,211.317,205.282,-4.28,-100,-100,0,
