num:uniprotac:res:nat:mut:pdbcode:chain:resnum:mutation:structuretype:resolution:rfactor,Binding,SProtFT0,SProtFT1,SProtFT2,SProtFT3,SProtFT4,SProtFT5,SProtFT6,SProtFT7,SProtFT8,SProtFT9,SProtFT10,SProtFT11,SProtFT12,Interface,Relaccess,Impact,HBonds,SPhobic,CPhim,BCharge,SSGeom,Voids,MLargest1,MLargest2,MLargest3,MLargest4,MLargest5,MLargest6,MLargest7,MLargest8,MLargest9,MLargest10,NLargest1,NLargest2,NLargest3,NLargest4,NLargest5,NLargest6,MLargest7,MLargest8,NLargest9,NLargest10,Clash,Glycine,Proline,CisPro,dataset
1:P12883:142:Y:H:4db1:A:142:H:crystal:2.60A:21.20%,0,0,0,0,0,0,0,0,0,0,0,0,0,0,0,1.070,0.496859623161805,-20,0,0.42,-1,0,0,391.098,338.983,330.793,312.863,227.105,204.39,200.459,167.905,153.97,144.699,391.098,338.983,330.793,312.863,227.105,204.39,200.459,167.905,153.97,138.447,-16.08,-100,-100,0,
2:P12883:142:Y:H:4db1:B:142:H:crystal:2.60A:21.20%,0,0,0,0,0,0,0,0,0,0,0,0,0,0,0,1.043,0.496859623161805,-20,0,0.42,-1,0,0,737.467,298.572,284.807,271.089,261.862,223.051,209.876,202.251,188.198,171.865,737.467,284.807,271.089,261.862,258.205,223.051,209.876,202.251,188.198,171.865,-15.25,-100,-100,0,
3:P12883:142:Y:H:5tby:A:142:H:ElectronMicroscopy:20.00A:0.00%,0,0,0,0,0,0,0,0,0,0,0,0,0,0,0,6.051,0.496859623161805,-20,0,0.42,-1,0,0,656.46,614.732,332.312,303.007,187.286,155.964,145.22,92.46,86.483,84.523,656.46,614.732,332.312,303.007,189.475,155.964,128.932,119.052,86.483,84.523,-13.70,-100,-100,0,
4:P12883:142:Y:H:5tby:B:142:H:ElectronMicroscopy:20.00A:0.00%,0,0,0,0,0,0,0,0,0,0,0,0,0,0,0,1.272,0.496859623161805,20,0,0.42,-1,0,0,1194.99,424.288,397.415,308.402,290.83,267.986,262.411,218.258,211.317,205.282,1194.99,424.288,397.415,290.83,267.986,262.411,218.258,215.334,211.317,205.282,-14.08,-100,-100,0,
