num:uniprotac:res:nat:mut:pdbcode:chain:resnum:mutation:structuretype:resolution:rfactor,Binding,SProtFT0,SProtFT1,SProtFT2,SProtFT3,SProtFT4,SProtFT5,SProtFT6,SProtFT7,SProtFT8,SProtFT9,SProtFT10,SProtFT11,SProtFT12,Interface,Relaccess,Impact,HBonds,SPhobic,CPhim,BCharge,SSGeom,Voids,MLargest1,MLargest2,MLargest3,MLargest4,MLargest5,MLargest6,MLargest7,MLargest8,MLargest9,MLargest10,NLargest1,NLargest2,NLargest3,NLargest4,NLargest5,NLargest6,MLargest7,MLargest8,NLargest9,NLargest10,Clash,Glycine,Proline,CisPro,dataset
1:P12883:1696:E:D:5wlq:A:1696:D:crystal:3.10A:22.30%,0,0,0,0,0,0,0,0,0,0,0,0,0,0,0,46.176,0.612968940893696,11.85,0,0.1,0,0,2.298,13.167,13.127,12.793,12.688,11.085,11.06,10.785,10.548,9.789,7.838,15.465,13.167,13.127,12.688,11.085,11.06,10.785,10.548,9.789,7.838,-2.95,-100,-100,0,
2:P12883:1696:E:D:5wlz:A:1696:D:crystal:3.50A:21.50%,0,0,0,0,0,0,0,0,0,0,0,0,0,0,-5.944,39.552,0.612968940893696,20,0,0.1,0,0,0,197.336,142.029,117.197,52.987,49.661,47.977,43.873,41.231,31.885,31.245,197.336,142.029,117.197,52.987,49.661,47.977,43.873,41.231,31.885,31.245,-7.35,-100,-100,0,
3:P12883:1696:E:D:5wlz:B:1696:D:crystal:3.50A:21.50%,0,0,0,0,0,0,0,0,0,0,0,0,0,0,-10.089,37.867,0.612968940893696,20,0,0.1,0,0,0,120.613,112.626,105.436,85.153,79.925,50.397,50.343,42.341,40.933,40.635,120.613,112.626,105.436,85.153,79.925,50.397,50.343,42.341,40.933,40.635,-2.72,-100,-100,0,
4:P12883:1696:E:D:5wlz:C:1696:D:crystal:3.50A:21.50%,0,0,0,0,0,0,0,0,0,0,0,0,0,0,-10.67,32.896,0.612968940893696,11.85,0,0.1,0,0,0,245.708,104.516,101.123,55.264,49.424,48.776,44.507,33.619,31.248,30.895,245.708,104.516,101.123,55.264,49.424,48.776,44.507,33.619,31.248,30.895,-4.48,-100,-100,0,
5:P12883:1696:E:D:5wlz:D:1696:D:crystal:3.50A:21.50%,0,0,0,0,0,0,0,0,0,0,0,0,0,0,-6.58,37.542,0.612968940893696,20,0,0.1,0,0,0,149.384,141.766,127.098,94.471,76.797,69.599,37.761,35.47,34.316,34.067,149.384,141.766,127.098,94.471,76.797,69.599,37.761,35.47,34.316,34.067,-5.66,-100,-100,0,
