num:uniprotac:res:nat:mut:pdbcode:chain:resnum:mutation:structuretype:resolution:rfactor,Binding,SProtFT0,SProtFT1,SProtFT2,SProtFT3,SProtFT4,SProtFT5,SProtFT6,SProtFT7,SProtFT8,SProtFT9,SProtFT10,SProtFT11,SProtFT12,Interface,Relaccess,Impact,HBonds,SPhobic,CPhim,BCharge,SSGeom,Voids,MLargest1,MLargest2,MLargest3,MLargest4,MLargest5,MLargest6,MLargest7,MLargest8,MLargest9,MLargest10,NLargest1,NLargest2,NLargest3,NLargest4,NLargest5,NLargest6,MLargest7,MLargest8,NLargest9,NLargest10,Clash,Glycine,Proline,CisPro,dataset
1:P12883:965:E:K:4p7h:A:968:K:crystal:3.20A:22.90%,0,0,0,0,0,0,0,0,0,0,0,0,0,0,0,1.512,0.612968940893696,20,0,0.7,0,0,7.54700000000003,702.077,671.578,564.914,419.844,328.913,303.341,194.964,192.61,185.963,185.305,709.624,671.578,564.914,419.844,328.913,303.341,194.964,192.61,185.963,185.305,-12.68,-100,-100,0,
2:P12883:965:E:K:4p7h:B:968:K:crystal:3.20A:22.90%,0,0,0,0,0,0,0,0,0,0,0,0,0,0,0,1.937,0.612968940893696,20,0,0.7,0,0,0,613.145,378.149,352.632,229.701,224.453,222.702,206.969,186.615,185.598,155.497,613.145,377.405,352.632,229.701,224.453,222.702,206.969,186.615,185.598,165.595,-9.97,-100,-100,0,
3:P12883:965:E:K:4pa0:A:976:K:crystal:2.25A:20.30%,0,0,0,0,0,0,0,0,0,0,0,0,0,0,0,35.162,0.612968940893696,20,0,1.26,-1,0,0,402.271,355.907,349.151,306.528,264.459,255.601,215.18,190.779,151.526,147.958,402.271,355.907,349.151,306.528,264.459,255.601,215.18,190.779,151.526,147.958,-0.12,3.1677,-100,0,
4:P12883:965:E:K:4pa0:B:1016:K:crystal:2.25A:20.30%,0,0,0,0,0,0,0,0,0,0,0,0,0,0,0,56.544,0.612968940893696,20,0,1.83,-1,0,0,495.316,250.645,190.68,167.761,163.751,151.041,144.767,135.919,132.308,124.602,495.316,250.645,190.68,167.761,163.751,151.041,144.767,135.919,132.308,124.602,-3.34,-100,-100,0,
