num:uniprotac:res:nat:mut:pdbcode:chain:resnum:mutation:structuretype:resolution:rfactor,Binding,SProtFT0,SProtFT1,SProtFT2,SProtFT3,SProtFT4,SProtFT5,SProtFT6,SProtFT7,SProtFT8,SProtFT9,SProtFT10,SProtFT11,SProtFT12,Interface,Relaccess,Impact,HBonds,SPhobic,CPhim,BCharge,SSGeom,Voids,MLargest1,MLargest2,MLargest3,MLargest4,MLargest5,MLargest6,MLargest7,MLargest8,MLargest9,MLargest10,NLargest1,NLargest2,NLargest3,NLargest4,NLargest5,NLargest6,MLargest7,MLargest8,NLargest9,NLargest10,Clash,Glycine,Proline,CisPro,dataset
1:P12883:1781:R:H:5wj7:A:1781:H:crystal:2.50A:20.60%,0,0,0,0,0,0,0,0,0,0,0,0,0,0,0,63.358,0.535562729072435,20,-1.4,0,0,0,0,158.109,114.03,111.726,102.819,93.842,87.975,60.994,55.263,45.204,42.637,158.109,114.03,111.726,102.819,93.842,87.975,60.994,55.263,45.204,42.637,-1.98,-100,-100,0,
2:P12883:1781:R:H:5wj7:B:1781:H:crystal:2.50A:20.60%,0,0,0,0,0,0,0,0,0,0,0,0,0,0,0,59.409,0.535562729072435,20,-1.4,0,0,0,0,153.789,89.216,79.888,78.323,71.314,46.83,30.958,25.92,25.096,24.683,153.789,89.216,79.888,78.323,71.314,46.83,30.958,25.92,25.096,24.683,-5.20,-100,-100,0,
3:P12883:1781:R:H:5wjb:A:1781:H:crystal:2.91A:25.10%,0,0,0,0,0,0,0,0,0,0,0,0,0,0,0,81.740,0.535562729072435,20,-1.4,0,0,0,-5.11499999999999,39.199,20.054,19.272,10.411,10.247,10.013,9.862,9.591,9.376,7.869,34.084,15.781,13.893,10.444,10.299,9.94,9.86,8.698,8.3,8.187,-4.93,-100,-100,0,
4:P12883:1781:R:H:5wjb:B:1781:H:crystal:2.91A:25.10%,0,0,0,0,0,0,0,0,0,0,0,0,0,0,0,60.205,0.535562729072435,20,-1.4,0,0,0,0,36.841,23.352,17.732,17.35,15.108,14.5,13.787,12.693,10.677,10.046,36.841,23.352,17.732,17.35,15.108,14.5,13.787,12.693,10.677,10.046,-5.39,-100,-100,0,
5:P12883:1781:R:H:5wjb:C:1781:H:crystal:2.91A:25.10%,0,0,0,0,0,0,0,0,0,0,0,0,0,0,0,68.519,0.535562729072435,20,-1.4,0,0,0,0,23.856,21.415,17.688,9.61,8.984,7.254,6.959,6.096,5.923,5.618,23.856,21.415,17.688,9.61,8.984,7.254,6.959,6.096,5.923,5.618,-4.91,-100,-100,0,
6:P12883:1781:R:H:5wjb:D:1781:H:crystal:2.91A:25.10%,0,0,0,0,0,0,0,0,0,0,0,0,0,0,0,59.071,0.535562729072435,20,-1.4,0,0,0,0,49.045,48.059,20.234,14.462,13.361,11.022,10.762,9.828,9.583,8.765,49.045,48.059,20.234,14.462,13.361,11.022,10.762,9.828,9.583,8.765,-5.70,-100,-100,0,
