num:uniprotac:res:nat:mut:pdbcode:chain:resnum:mutation:structuretype:resolution:rfactor,Binding,SProtFT0,SProtFT1,SProtFT2,SProtFT3,SProtFT4,SProtFT5,SProtFT6,SProtFT7,SProtFT8,SProtFT9,SProtFT10,SProtFT11,SProtFT12,Interface,Relaccess,Impact,HBonds,SPhobic,CPhim,BCharge,SSGeom,Voids,MLargest1,MLargest2,MLargest3,MLargest4,MLargest5,MLargest6,MLargest7,MLargest8,MLargest9,MLargest10,NLargest1,NLargest2,NLargest3,NLargest4,NLargest5,NLargest6,MLargest7,MLargest8,NLargest9,NLargest10,Clash,Glycine,Proline,CisPro,dataset
1:P12883:1612:L:P:5chx:A:1612:P:crystal:2.30A:21.00%,1,0,0,0,0,0,0,0,0,0,0,0,0,0,0,56.318,0.574265834983066,20,0,0.6,0,0,0,139.005,80.012,74.196,66.905,64.269,56.097,53.238,48.206,43.776,42.328,139.005,80.012,74.196,66.905,64.269,56.097,53.238,48.206,43.776,42.328,491.33,-100,3.109,0,
2:P12883:1612:L:P:5chx:B:1612:P:crystal:2.30A:21.00%,1,0,0,0,0,0,0,0,0,0,0,0,0,0,0,43.669,0.574265834983066,20,0,0.6,0,0,0,120.76,92.65,85.011,61.2,59.325,53.733,45.293,43.333,37.052,30.955,120.76,92.65,85.011,61.2,59.325,53.733,45.293,43.333,37.052,30.955,459.24,-100,2.9431,0,
3:P12883:1612:L:P:5cj4:A:1612:P:crystal:3.10A:24.50%,0,0,0,0,0,0,0,0,0,0,0,0,0,0,0,73.234,0.574265834983066,20,0,0.6,0,0,5.346,129.226,94.298,84.638,84.365,74.292,61.431,57.662,52.195,40.887,34.622,134.572,98.656,85.416,76.56,75.61,73.872,54.92,50.542,48.015,45.924,854.49,-100,3.2034,0,
4:P12883:1612:L:P:5cj4:C:1612:P:crystal:3.10A:24.50%,1,0,0,0,0,0,0,0,0,0,0,0,0,0,-1.233,43.891,0.574265834983066,20,0,0.6,0,0,0,135.756,100.645,90.063,86.685,79.098,58.275,54.623,54.308,44.327,43.539,135.756,100.645,90.063,86.685,79.098,58.275,54.623,54.308,44.327,43.539,359.85,-100,2.8952,0,
5:P12883:1612:L:P:5cj4:D:1612:P:crystal:3.10A:24.50%,0,0,0,0,0,0,0,0,0,0,0,0,0,0,-0.698999999999998,108.923,0.574265834983066,20,0,0.6,0,0,0,284.788,133.616,75.729,52.793,47.471,46.119,41.981,40.716,38.769,33.337,284.788,133.616,75.729,52.793,47.471,46.119,41.981,40.716,38.769,33.337,1442.92,-100,-100,0,
