num:uniprotac:res:nat:mut:pdbcode:chain:resnum:mutation:structuretype:resolution:rfactor,Binding,SProtFT0,SProtFT1,SProtFT2,SProtFT3,SProtFT4,SProtFT5,SProtFT6,SProtFT7,SProtFT8,SProtFT9,SProtFT10,SProtFT11,SProtFT12,Interface,Relaccess,Impact,HBonds,SPhobic,CPhim,BCharge,SSGeom,Voids,MLargest1,MLargest2,MLargest3,MLargest4,MLargest5,MLargest6,MLargest7,MLargest8,MLargest9,MLargest10,NLargest1,NLargest2,NLargest3,NLargest4,NLargest5,NLargest6,MLargest7,MLargest8,NLargest9,NLargest10,Clash,Glycine,Proline,CisPro,dataset
1:P12883:369:R:Q:4db1:A:369:Q:crystal:2.60A:21.20%,0,0,0,0,0,0,0,0,0,0,0,0,0,0,0,40.343,0.767781364536218,20,-1.11,0,1,0,0,391.098,338.983,330.793,312.863,227.105,204.39,200.459,167.905,153.97,138.447,391.098,338.983,330.793,312.863,227.105,204.39,200.459,167.905,153.97,138.447,-5.88,-100,-100,0,
2:P12883:369:R:Q:4db1:B:369:Q:crystal:2.60A:21.20%,0,0,0,0,0,0,0,0,0,0,0,0,0,0,0,45.748,0.767781364536218,20,-1.11,0,1,0,-227.818,965.285,236.92,221.145,218.638,217.273,196.306,184.925,181.137,178.01,171.131,737.467,284.807,271.089,261.862,258.205,223.051,209.876,202.251,188.198,171.865,-1.14,-100,-100,0,
3:P12883:369:R:Q:4pa0:A:369:Q:crystal:2.25A:20.30%,0,0,0,0,0,0,0,0,0,0,0,0,0,0,0,45.198,0.767781364536218,20,-1.11,0,1,0,0,402.271,355.907,349.151,306.528,264.459,255.601,215.18,190.779,151.526,147.958,402.271,355.907,349.151,306.528,264.459,255.601,215.18,190.779,151.526,147.958,-1.57,-100,-100,0,
4:P12883:369:R:Q:4pa0:B:369:Q:crystal:2.25A:20.30%,0,0,0,0,0,0,0,0,0,0,0,0,0,0,0,44.849,0.767781364536218,20,-1.11,0,1,0,167.936,327.38,293.855,293.048,221.355,187.516,181.137,166.083,136.201,134.764,134.41,495.316,250.645,190.68,167.761,163.751,151.041,144.767,135.919,132.308,124.602,-1.45,-100,-100,0,
5:P12883:369:R:Q:5tby:A:369:Q:ElectronMicroscopy:20.00A:0.00%,0,0,0,0,0,0,0,0,0,0,0,0,0,0,0,74.701,0.767781364536218,20,-1.11,0,1,0,0,656.46,614.732,332.312,303.007,189.475,155.964,128.932,119.052,86.483,84.523,656.46,614.732,332.312,303.007,189.475,155.964,128.932,119.052,86.483,84.523,-2.00,-100,-100,0,
6:P12883:369:R:Q:5tby:B:369:Q:ElectronMicroscopy:20.00A:0.00%,0,0,0,0,0,0,0,0,0,0,0,0,0,0,-17.349,69.318,0.767781364536218,10.26,-1.11,0,1,0,0,1194.99,424.288,397.415,290.83,267.986,262.411,218.258,215.334,211.317,205.282,1194.99,424.288,397.415,290.83,267.986,262.411,218.258,215.334,211.317,205.282,-2.69,-100,-100,0,
