num:uniprotac:res:nat:mut:pdbcode:chain:resnum:mutation:structuretype:resolution:rfactor,Binding,SProtFT0,SProtFT1,SProtFT2,SProtFT3,SProtFT4,SProtFT5,SProtFT6,SProtFT7,SProtFT8,SProtFT9,SProtFT10,SProtFT11,SProtFT12,Interface,Relaccess,Impact,HBonds,SPhobic,CPhim,BCharge,SSGeom,Voids,MLargest1,MLargest2,MLargest3,MLargest4,MLargest5,MLargest6,MLargest7,MLargest8,MLargest9,MLargest10,NLargest1,NLargest2,NLargest3,NLargest4,NLargest5,NLargest6,MLargest7,MLargest8,NLargest9,NLargest10,Clash,Glycine,Proline,CisPro,dataset
1:P12883:1573:E:K:4xa4:A:1573:K:crystal:2.33A:21.90%,0,0,0,0,0,0,0,0,0,0,0,0,0,0,?,?,0.612968940893696,20,?,?,?,0,0,122.711,86.36,79.571,75.324,69.246,62.446,53.756,45.642,42.759,34.359,122.711,86.36,79.571,75.324,69.246,62.446,53.756,45.642,42.759,34.359,-2.04,-100,-100,0,
2:P12883:1573:E:K:4xa4:B:1573:K:crystal:2.33A:21.90%,0,0,0,0,0,0,0,0,0,0,0,0,0,0,?,?,0.612968940893696,20,?,?,?,0,0,136.459,77.125,74.106,73.084,65.693,57.714,56.06,53.315,49.897,37.452,136.459,77.125,74.106,73.084,65.693,57.714,56.06,53.315,49.897,37.452,-5.51,-100,-100,0,
3:P12883:1573:E:K:5cj4:A:1573:K:crystal:3.10A:24.50%,1,0,0,0,0,0,0,0,0,0,0,0,0,0,-7.19,47.448,0.612968940893696,20,0,0.48,-2,0,0,134.572,98.656,85.416,76.56,75.61,73.872,54.92,50.542,48.015,45.924,134.572,98.656,85.416,76.56,75.61,73.872,54.92,50.542,48.015,45.924,-4.23,-100,-100,0,
4:P12883:1573:E:K:5cj4:B:1573:K:crystal:3.10A:24.50%,1,0,0,0,0,0,0,0,0,0,0,0,0,0,0,74.905,0.612968940893696,20,0,0.48,-2,0,0,292.218,80.782,70.794,63.435,48.781,44.107,40.862,31.004,28.86,28.348,292.218,80.782,70.794,63.435,48.781,44.107,40.862,31.004,28.86,28.348,-3.21,-100,-100,0,
5:P12883:1573:E:K:5cj4:C:1573:K:crystal:3.10A:24.50%,1,0,0,0,0,0,0,0,0,0,0,0,0,0,0,67.465,0.612968940893696,20,0,0.48,-2,0,0,135.756,100.645,90.063,86.685,79.098,58.275,54.623,54.308,44.327,43.539,135.756,100.645,90.063,86.685,79.098,58.275,54.623,54.308,44.327,43.539,-4.33,-100,-100,0,
6:P12883:1573:E:K:5cj4:D:1573:K:crystal:3.10A:24.50%,1,0,0,0,0,0,0,0,0,0,0,0,0,0,0,78.288,0.612968940893696,20,0,0.48,-2,0,0,284.788,133.616,75.729,52.793,47.471,46.119,41.981,40.716,38.769,33.337,284.788,133.616,75.729,52.793,47.471,46.119,41.981,40.716,38.769,33.337,-3.03,-100,-100,0,
