num:uniprotac:res:nat:mut:pdbcode:chain:resnum:mutation:structuretype:resolution:rfactor,Binding,SProtFT0,SProtFT1,SProtFT2,SProtFT3,SProtFT4,SProtFT5,SProtFT6,SProtFT7,SProtFT8,SProtFT9,SProtFT10,SProtFT11,SProtFT12,Interface,Relaccess,Impact,HBonds,SPhobic,CPhim,BCharge,SSGeom,Voids,MLargest1,MLargest2,MLargest3,MLargest4,MLargest5,MLargest6,MLargest7,MLargest8,MLargest9,MLargest10,NLargest1,NLargest2,NLargest3,NLargest4,NLargest5,NLargest6,MLargest7,MLargest8,NLargest9,NLargest10,Clash,Glycine,Proline,CisPro,dataset
1:P12883:1793:L:P:5wj7:A:1793:P:crystal:2.50A:20.60%,0,0,0,0,0,0,0,0,0,0,0,0,0,0,-39.166,42.192,0.612968940893696,20,0,0.6,0,0,0,158.109,114.03,111.726,102.819,93.842,87.975,60.994,55.263,45.204,42.637,158.109,114.03,111.726,102.819,93.842,87.975,60.994,55.263,45.204,42.637,284.63,-100,-0.1222,0,
2:P12883:1793:L:P:5wj7:B:1793:P:crystal:2.50A:20.60%,0,0,0,0,0,0,0,0,0,0,0,0,0,0,-45.095,42.470,0.612968940893696,20,0,0.6,0,0,0,153.789,89.216,79.888,78.323,71.314,46.83,30.958,25.92,25.096,24.683,153.789,89.216,79.888,78.323,71.314,46.83,30.958,25.92,25.096,24.683,695.37,-100,2.0282,0,
3:P12883:1793:L:P:5wjb:A:1793:P:crystal:2.91A:25.10%,0,0,0,0,0,0,0,0,0,0,0,0,0,0,-51.256,4.445,0.612968940893696,20,0,0.6,0,0,0,34.084,15.781,13.893,10.444,10.299,9.94,9.86,8.698,8.3,8.187,34.084,15.781,13.893,10.444,10.299,9.94,9.86,8.698,8.3,8.187,1224.56,-100,2.7888,0,
4:P12883:1793:L:P:5wjb:B:1793:P:crystal:2.91A:25.10%,0,0,0,0,0,0,0,0,0,0,0,0,0,0,-45.897,17.798,0.612968940893696,20,0,0.6,0,0,0,36.841,23.352,17.732,17.35,15.108,14.5,13.787,12.693,10.677,10.046,36.841,23.352,17.732,17.35,15.108,14.5,13.787,12.693,10.677,10.046,3378.85,-100,3.109,0,
5:P12883:1793:L:P:5wjb:C:1793:P:crystal:2.91A:25.10%,0,0,0,0,0,0,0,0,0,0,0,0,0,0,-51.059,4.805,0.612968940893696,20,0,0.6,0,0,0,23.856,21.415,17.688,9.61,8.984,7.254,6.959,6.096,5.923,5.618,23.856,21.415,17.688,9.61,8.984,7.254,6.959,6.096,5.923,5.618,490.64,-100,2.7783,0,
6:P12883:1793:L:P:5wjb:D:1793:P:crystal:2.91A:25.10%,0,0,0,0,0,0,0,0,0,0,0,0,0,0,-45.857,18.459,0.612968940893696,20,0,0.6,0,0,0,49.045,48.059,20.234,14.462,13.361,11.022,10.762,9.828,9.583,8.765,49.045,48.059,20.234,14.462,13.361,11.022,10.762,9.828,9.583,8.765,2788.54,-100,2.9578,0,
