num:uniprotac:res:nat:mut:pdbcode:chain:resnum:mutation:structuretype:resolution:rfactor,Binding,SProtFT0,SProtFT1,SProtFT2,SProtFT3,SProtFT4,SProtFT5,SProtFT6,SProtFT7,SProtFT8,SProtFT9,SProtFT10,SProtFT11,SProtFT12,Interface,Relaccess,Impact,HBonds,SPhobic,CPhim,BCharge,SSGeom,Voids,MLargest1,MLargest2,MLargest3,MLargest4,MLargest5,MLargest6,MLargest7,MLargest8,MLargest9,MLargest10,NLargest1,NLargest2,NLargest3,NLargest4,NLargest5,NLargest6,MLargest7,MLargest8,NLargest9,NLargest10,Clash,Glycine,Proline,CisPro,dataset
1:P12883:970:A:V:4p7h:A:973:V:crystal:3.20A:22.90%,0,0,0,0,0,0,0,0,0,0,0,0,0,0,0,33.211,0.612968940893696,20,-0.72,0,0,0,0,709.624,671.578,564.914,419.844,328.913,303.341,194.964,192.61,185.963,185.305,709.624,671.578,564.914,419.844,328.913,303.341,194.964,192.61,185.963,185.305,-3.61,-100,-100,0,
2:P12883:970:A:V:4p7h:B:973:V:crystal:3.20A:22.90%,0,0,0,0,0,0,0,0,0,0,0,0,0,0,0,30.342,0.612968940893696,20,-0.72,0,0,0,0,613.145,377.405,352.632,229.701,224.453,222.702,206.969,186.615,185.598,165.595,613.145,377.405,352.632,229.701,224.453,222.702,206.969,186.615,185.598,165.595,-5.90,-100,-100,0,
3:P12883:970:A:V:4pa0:A:981:V:crystal:2.25A:20.30%,0,0,0,0,0,0,0,0,0,0,0,0,0,0,0,6.381,0.612968940893696,20,-0.01,0,0,0,0,402.271,355.907,349.151,306.528,264.459,255.601,215.18,190.779,151.526,147.958,402.271,355.907,349.151,306.528,264.459,255.601,215.18,190.779,151.526,147.958,-8.59,-100,-100,0,
