num:uniprotac:res:nat:mut:pdbcode:chain:resnum:mutation:structuretype:resolution:rfactor,Binding,SProtFT0,SProtFT1,SProtFT2,SProtFT3,SProtFT4,SProtFT5,SProtFT6,SProtFT7,SProtFT8,SProtFT9,SProtFT10,SProtFT11,SProtFT12,Interface,Relaccess,Impact,HBonds,SPhobic,CPhim,BCharge,SSGeom,Voids,MLargest1,MLargest2,MLargest3,MLargest4,MLargest5,MLargest6,MLargest7,MLargest8,MLargest9,MLargest10,NLargest1,NLargest2,NLargest3,NLargest4,NLargest5,NLargest6,MLargest7,MLargest8,NLargest9,NLargest10,Clash,Glycine,Proline,CisPro,dataset
1:P12883:194:Y:S:4db1:A:194:S:crystal:2.60A:21.20%,0,0,0,0,0,0,0,0,0,0,0,0,0,0,0,1.243,0.612968940893696,19.73,0,0.28,0,0,0,391.098,338.983,330.793,312.863,227.105,204.39,200.459,167.905,153.97,138.447,391.098,338.983,330.793,312.863,227.105,204.39,200.459,167.905,153.97,138.447,-4.08,-100,-100,0,
2:P12883:194:Y:S:4db1:B:194:S:crystal:2.60A:21.20%,0,0,0,0,0,0,0,0,0,0,0,0,0,0,0,1.326,0.612968940893696,19.73,0,0.28,0,0,0,737.467,284.807,271.089,261.862,258.205,223.051,209.876,202.253,197.686,188.198,737.467,284.807,271.089,261.862,258.205,223.051,209.876,202.251,188.198,171.865,-4.00,-100,-100,0,
3:P12883:194:Y:S:4pa0:B:194:S:crystal:2.25A:20.30%,0,0,0,0,0,0,0,0,0,0,0,0,0,0,0,2.082,0.612968940893696,19.73,0,0.28,0,0,0,495.316,250.645,182.356,167.761,163.751,151.041,144.767,135.919,132.308,124.602,495.316,250.645,190.68,167.761,163.751,151.041,144.767,135.919,132.308,124.602,-4.50,-100,-100,0,
4:P12883:194:Y:S:5tby:A:194:S:ElectronMicroscopy:20.00A:0.00%,0,0,0,0,0,0,0,0,0,0,0,0,0,0,0,1.965,0.612968940893696,-20,0,0.28,0,0,0,656.46,614.732,332.312,303.007,189.475,155.964,119.052,111.117,86.483,84.523,656.46,614.732,332.312,303.007,189.475,155.964,128.932,119.052,86.483,84.523,-4.13,-100,-100,0,
5:P12883:194:Y:S:5tby:B:194:S:ElectronMicroscopy:20.00A:0.00%,0,0,0,0,0,0,0,0,0,0,0,0,0,0,0,0.945,0.612968940893696,20,0,0.28,0,0,105.766,1089.224,424.288,397.415,290.83,267.986,262.411,218.258,211.317,205.282,168.77,1194.99,424.288,397.415,290.83,267.986,262.411,218.258,215.334,211.317,205.282,-5.67,-100,-100,0,
