num:uniprotac:res:nat:mut:pdbcode:chain:resnum:mutation:structuretype:resolution:rfactor,Binding,SProtFT0,SProtFT1,SProtFT2,SProtFT3,SProtFT4,SProtFT5,SProtFT6,SProtFT7,SProtFT8,SProtFT9,SProtFT10,SProtFT11,SProtFT12,Interface,Relaccess,Impact,HBonds,SPhobic,CPhim,BCharge,SSGeom,Voids,MLargest1,MLargest2,MLargest3,MLargest4,MLargest5,MLargest6,MLargest7,MLargest8,MLargest9,MLargest10,NLargest1,NLargest2,NLargest3,NLargest4,NLargest5,NLargest6,MLargest7,MLargest8,NLargest9,NLargest10,Clash,Glycine,Proline,CisPro,dataset
1:P12883:162:Y:C:4db1:A:162:C:crystal:2.60A:21.20%,0,0,0,0,0,0,0,0,0,0,0,0,0,0,-0.0630000000000006,4.217,0.690375152714957,-20,-0.02,0,0,0,0,391.098,338.983,330.793,312.863,229.837,227.105,204.39,200.459,167.905,153.97,391.098,338.983,330.793,312.863,227.105,204.39,200.459,167.905,153.97,138.447,-3.70,-100,-100,0,
2:P12883:162:Y:C:4db1:B:162:C:crystal:2.60A:21.20%,0,0,0,0,0,0,0,0,0,0,0,0,0,0,-0.204,4.862,0.690375152714957,-20,-0.02,0,0,0,0,737.467,448.199,271.089,261.862,258.205,223.051,209.876,202.251,188.198,171.865,737.467,284.807,271.089,261.862,258.205,223.051,209.876,202.251,188.198,171.865,-3.39,-100,-100,0,
3:P12883:162:Y:C:5tby:A:162:C:ElectronMicroscopy:20.00A:0.00%,0,0,0,0,0,0,0,0,0,0,0,0,0,0,0,20.270,0.690375152714957,-20,-0.02,0,0,0,0,656.46,614.732,332.312,303.007,189.475,155.964,128.932,119.052,86.483,84.523,656.46,614.732,332.312,303.007,189.475,155.964,128.932,119.052,86.483,84.523,-2.51,-100,-100,0,
4:P12883:162:Y:C:5tby:B:162:C:ElectronMicroscopy:20.00A:0.00%,0,0,0,0,0,0,0,0,0,0,0,0,0,0,0,8.238,0.690375152714957,-20,-0.02,0,0,0,28.9079999999999,1166.082,424.288,397.415,290.83,267.986,262.411,218.258,215.334,211.317,205.282,1194.99,424.288,397.415,290.83,267.986,262.411,218.258,215.334,211.317,205.282,-3.54,-100,-100,0,
