num:uniprotac:res:nat:mut:pdbcode:chain:resnum:mutation:structuretype:resolution:rfactor,Binding,SProtFT0,SProtFT1,SProtFT2,SProtFT3,SProtFT4,SProtFT5,SProtFT6,SProtFT7,SProtFT8,SProtFT9,SProtFT10,SProtFT11,SProtFT12,Interface,Relaccess,Impact,HBonds,SPhobic,CPhim,BCharge,SSGeom,Voids,MLargest1,MLargest2,MLargest3,MLargest4,MLargest5,MLargest6,MLargest7,MLargest8,MLargest9,MLargest10,NLargest1,NLargest2,NLargest3,NLargest4,NLargest5,NLargest6,MLargest7,MLargest8,NLargest9,NLargest10,Clash,Glycine,Proline,CisPro,dataset
1:P12883:1634:R:C:5chx:A:1634:C:crystal:2.30A:21.00%,0,0,0,0,0,0,0,0,0,0,0,0,0,0,0,74.093,0.529278918194136,20,-1.84,0,1,0,0,139.005,80.012,74.196,66.905,64.269,56.097,53.238,48.206,43.776,42.328,139.005,80.012,74.196,66.905,64.269,56.097,53.238,48.206,43.776,42.328,-2.18,-100,-100,0,
2:P12883:1634:R:C:5chx:B:1634:C:crystal:2.30A:21.00%,0,0,0,0,0,0,0,0,0,0,0,0,0,0,0,61.922,0.529278918194136,20,-1.84,0,1,0,0,120.76,92.65,85.011,61.2,59.325,53.733,45.293,43.333,37.052,30.955,120.76,92.65,85.011,61.2,59.325,53.733,45.293,43.333,37.052,30.955,-2.36,-100,-100,0,
3:P12883:1634:R:C:5cj0:A:1634:C:crystal:2.30A:21.70%,0,0,0,0,0,0,0,0,0,0,0,0,0,0,0,64.361,0.529278918194136,20,-1.84,0,1,0,0,127.289,114.146,102.989,71.46,69.452,67.918,56.278,38.675,35.758,35.704,127.289,114.146,102.989,71.46,69.452,67.918,56.278,38.675,35.758,35.704,-1.14,-100,-100,0,
4:P12883:1634:R:C:5cj0:B:1634:C:crystal:2.30A:21.70%,0,0,0,0,0,0,0,0,0,0,0,0,0,0,0,60.113,0.529278918194136,-20,-1.84,0,1,0,0,123.306,111.76,74.273,73.745,67.128,55.107,35.802,33.142,29.134,27.609,123.306,111.76,74.273,73.745,67.128,55.107,35.802,33.142,29.134,27.609,-1.22,-100,-100,0,
